{
  "name": "cnn_baseline",
  "architecture": "cnn",
  "config": {
    "name": "cnn_baseline",
    "architecture": "cnn",
    "channels": [
      32,
      64,
      128
    ],
    "dropout": 0.3,
    "lr": 0.001,
    "weight_decay": 0.0001,
    "epochs": 6
  },
  "best_epoch": 5,
  "val_accuracy": 0.9268,
  "test_accuracy": 0.9197,
  "metrics": {
    "accuracy": 0.9197,
    "precision": 0.9221217749389959,
    "recall": 0.9197000000000001,
    "f1": 0.9204733177878683
  },
  "per_class": {
    "T-Shirt": {
      "precision": 0.8931623931623932,
      "recall": 0.836,
      "f1": 0.8636363636363636,
      "support": 1000
    },
    "Trouser": {
      "precision": 0.9899598393574297,
      "recall": 0.986,
      "f1": 0.9879759519038076,
      "support": 1000
    },
    "Pullover": {
      "precision": 0.8944099378881988,
      "recall": 0.864,
      "f1": 0.8789420142421159,
      "support": 1000
    },
    "Dress": {
      "precision": 0.9397344228804902,
      "recall": 0.92,
      "f1": 0.9297625063163214,
      "support": 1000
    },
    "Coat": {
      "precision": 0.8836734693877552,
      "recall": 0.866,
      "f1": 0.8747474747474747,
      "support": 1000
    },
    "Sandal": {
      "precision": 0.985985985985986,
      "recall": 0.985,
      "f1": 0.9854927463731866,
      "support": 1000
    },
    "Shirt": {
      "precision": 0.7128975265017667,
      "recall": 0.807,
      "f1": 0.7570356472795498,
      "support": 1000
    },
    "Sneaker": {
      "precision": 0.9624134520276953,
      "recall": 0.973,
      "f1": 0.9676777722526106,
      "support": 1000
    },
    "Bag": {
      "precision": 0.9821428571428571,
      "recall": 0.99,
      "f1": 0.9860557768924303,
      "support": 1000
    },
    "Ankle Boot": {
      "precision": 0.9768378650553877,
      "recall": 0.97,
      "f1": 0.9734069242348219,
      "support": 1000
    }
  },
  "confusion_matrix": [
    [
      836,
      0,
      14,
      12,
      2,
      3,
      127,
      0,
      6,
      0
    ],
    [
      0,
      986,
      0,
      7,
      2,
      0,
      3,
      0,
      2,
      0
    ],
    [
      16,
      1,
      864,
      6,
      32,
      0,
      81,
      0,
      0,
      0
    ],
    [
      8,
      4,
      8,
      920,
      30,
      0,
      29,
      0,
      1,
      0
    ],
    [
      0,
      1,
      37,
      11,
      866,
      0,
      84,
      0,
      1,
      0
    ],
    [
      0,
      0,
      0,
      0,
      0,
      985,
      0,
      11,
      0,
      4
    ],
    [
      74,
      2,
      43,
      18,
      48,
      0,
      807,
      0,
      8,
      0
    ],
    [
      0,
      0,
      0,
      0,
      0,
      8,
      0,
      973,
      0,
      19
    ],
    [
      1,
      2,
      0,
      5,
      0,
      1,
      1,
      0,
      990,
      0
    ],
    [
      1,
      0,
      0,
      0,
      0,
      2,
      0,
      27,
      0,
      970
    ]
  ]
}