{
  "name": "cnn_deep",
  "architecture": "cnn",
  "config": {
    "name": "cnn_deep",
    "architecture": "cnn",
    "channels": [
      48,
      96,
      192
    ],
    "dropout": 0.35,
    "lr": 0.0008,
    "weight_decay": 0.0005,
    "epochs": 8
  },
  "best_epoch": 4,
  "val_accuracy": 0.9262,
  "test_accuracy": 0.9169,
  "metrics": {
    "accuracy": 0.9169,
    "precision": 0.9179759750164058,
    "recall": 0.9169,
    "f1": 0.9173077467612636
  },
  "per_class": {
    "T-Shirt": {
      "precision": 0.8638170974155069,
      "recall": 0.869,
      "f1": 0.8664007976071785,
      "support": 1000
    },
    "Trouser": {
      "precision": 1.0,
      "recall": 0.977,
      "f1": 0.9883662114314619,
      "support": 1000
    },
    "Pullover": {
      "precision": 0.8660886319845857,
      "recall": 0.899,
      "f1": 0.8822374877330716,
      "support": 1000
    },
    "Dress": {
      "precision": 0.9290123456790124,
      "recall": 0.903,
      "f1": 0.9158215010141988,
      "support": 1000
    },
    "Coat": {
      "precision": 0.8723186925434117,
      "recall": 0.854,
      "f1": 0.8630621526023244,
      "support": 1000
    },
    "Sandal": {
      "precision": 0.9839195979899498,
      "recall": 0.979,
      "f1": 0.981453634085213,
      "support": 1000
    },
    "Shirt": {
      "precision": 0.7463697967086157,
      "recall": 0.771,
      "f1": 0.7584849975405804,
      "support": 1000
    },
    "Sneaker": {
      "precision": 0.9467054263565892,
      "recall": 0.977,
      "f1": 0.9616141732283464,
      "support": 1000
    },
    "Bag": {
      "precision": 0.9939086294416244,
      "recall": 0.979,
      "f1": 0.9863979848866499,
      "support": 1000
    },
    "Ankle Boot": {
      "precision": 0.9776195320447609,
      "recall": 0.961,
      "f1": 0.9692385274836107,
      "support": 1000
    }
  },
  "confusion_matrix": [
    [
      869,
      0,
      10,
      8,
      1,
      2,
      107,
      0,
      3,
      0
    ],
    [
      1,
      977,
      0,
      16,
      4,
      0,
      1,
      0,
      1,
      0
    ],
    [
      14,
      0,
      899,
      8,
      22,
      0,
      57,
      0,
      0,
      0
    ],
    [
      20,
      0,
      7,
      903,
      32,
      0,
      38,
      0,
      0,
      0
    ],
    [
      0,
      0,
      73,
      17,
      854,
      0,
      56,
      0,
      0,
      0
    ],
    [
      0,
      0,
      0,
      0,
      0,
      979,
      0,
      17,
      0,
      4
    ],
    [
      100,
      0,
      48,
      16,
      63,
      0,
      771,
      0,
      2,
      0
    ],
    [
      0,
      0,
      0,
      0,
      0,
      7,
      0,
      977,
      0,
      16
    ],
    [
      2,
      0,
      1,
      4,
      3,
      3,
      2,
      4,
      979,
      2
    ],
    [
      0,
      0,
      0,
      0,
      0,
      4,
      1,
      34,
      0,
      961
    ]
  ]
}