{
  "name": "cnn_dropout_sweep",
  "architecture": "cnn",
  "config": {
    "name": "cnn_dropout_sweep",
    "architecture": "cnn",
    "channels": [
      32,
      64,
      128
    ],
    "dropout": 0.45,
    "lr": 0.0007,
    "weight_decay": 0.0008,
    "epochs": 9
  },
  "best_epoch": 9,
  "val_accuracy": 0.9266,
  "test_accuracy": 0.9257,
  "metrics": {
    "accuracy": 0.9257,
    "precision": 0.9257091432784902,
    "recall": 0.9257,
    "f1": 0.9254368958701903
  },
  "per_class": {
    "T-Shirt": {
      "precision": 0.8991416309012875,
      "recall": 0.838,
      "f1": 0.8674948240165632,
      "support": 1000
    },
    "Trouser": {
      "precision": 0.9959677419354839,
      "recall": 0.988,
      "f1": 0.9919678714859438,
      "support": 1000
    },
    "Pullover": {
      "precision": 0.8586142322097379,
      "recall": 0.917,
      "f1": 0.8868471953578336,
      "support": 1000
    },
    "Dress": {
      "precision": 0.9062801932367149,
      "recall": 0.938,
      "f1": 0.9218673218673219,
      "support": 1000
    },
    "Coat": {
      "precision": 0.8951612903225806,
      "recall": 0.888,
      "f1": 0.891566265060241,
      "support": 1000
    },
    "Sandal": {
      "precision": 0.9860279441117764,
      "recall": 0.988,
      "f1": 0.987012987012987,
      "support": 1000
    },
    "Shirt": {
      "precision": 0.7903391572456321,
      "recall": 0.769,
      "f1": 0.779523568170299,
      "support": 1000
    },
    "Sneaker": {
      "precision": 0.9598039215686275,
      "recall": 0.979,
      "f1": 0.9693069306930693,
      "support": 1000
    },
    "Bag": {
      "precision": 0.9830845771144279,
      "recall": 0.988,
      "f1": 0.9855361596009975,
      "support": 1000
    },
    "Ankle Boot": {
      "precision": 0.9826707441386341,
      "recall": 0.964,
      "f1": 0.9732458354366481,
      "support": 1000
    }
  },
  "confusion_matrix": [
    [
      838,
      0,
      31,
      23,
      3,
      1,
      99,
      0,
      5,
      0
    ],
    [
      0,
      988,
      1,
      7,
      0,
      0,
      2,
      0,
      2,
      0
    ],
    [
      7,
      0,
      917,
      9,
      28,
      0,
      38,
      0,
      1,
      0
    ],
    [
      6,
      2,
      9,
      938,
      17,
      0,
      26,
      0,
      2,
      0
    ],
    [
      1,
      0,
      44,
      26,
      888,
      0,
      39,
      0,
      2,
      0
    ],
    [
      0,
      0,
      0,
      0,
      0,
      988,
      0,
      9,
      0,
      3
    ],
    [
      77,
      1,
      64,
      28,
      56,
      0,
      769,
      0,
      5,
      0
    ],
    [
      0,
      0,
      0,
      0,
      0,
      7,
      0,
      979,
      0,
      14
    ],
    [
      3,
      1,
      1,
      4,
      0,
      2,
      0,
      1,
      988,
      0
    ],
    [
      0,
      0,
      1,
      0,
      0,
      4,
      0,
      31,
      0,
      964
    ]
  ]
}