{
  "name": "cnn_light",
  "architecture": "cnn",
  "config": {
    "name": "cnn_light",
    "architecture": "cnn",
    "channels": [
      24,
      48,
      96
    ],
    "dropout": 0.25,
    "lr": 0.0012,
    "weight_decay": 1e-05,
    "epochs": 6
  },
  "best_epoch": 5,
  "val_accuracy": 0.9186,
  "test_accuracy": 0.9167,
  "metrics": {
    "accuracy": 0.9167,
    "precision": 0.9183226940444962,
    "recall": 0.9167,
    "f1": 0.9165592932462318
  },
  "per_class": {
    "T-Shirt": {
      "precision": 0.849146110056926,
      "recall": 0.895,
      "f1": 0.8714703018500487,
      "support": 1000
    },
    "Trouser": {
      "precision": 0.9959473150962512,
      "recall": 0.983,
      "f1": 0.9894313034725717,
      "support": 1000
    },
    "Pullover": {
      "precision": 0.8425925925925926,
      "recall": 0.91,
      "f1": 0.875,
      "support": 1000
    },
    "Dress": {
      "precision": 0.9048076923076923,
      "recall": 0.941,
      "f1": 0.9225490196078432,
      "support": 1000
    },
    "Coat": {
      "precision": 0.9376498800959233,
      "recall": 0.782,
      "f1": 0.8527808069792803,
      "support": 1000
    },
    "Sandal": {
      "precision": 0.9929006085192698,
      "recall": 0.979,
      "f1": 0.9859013091641491,
      "support": 1000
    },
    "Shirt": {
      "precision": 0.7564612326043738,
      "recall": 0.761,
      "f1": 0.7587238285144566,
      "support": 1000
    },
    "Sneaker": {
      "precision": 0.9618090452261306,
      "recall": 0.957,
      "f1": 0.9593984962406015,
      "support": 1000
    },
    "Bag": {
      "precision": 0.9859437751004017,
      "recall": 0.982,
      "f1": 0.9839679358717435,
      "support": 1000
    },
    "Ankle Boot": {
      "precision": 0.9559686888454012,
      "recall": 0.977,
      "f1": 0.9663699307616221,
      "support": 1000
    }
  },
  "confusion_matrix": [
    [
      895,
      0,
      12,
      12,
      1,
      1,
      74,
      0,
      5,
      0
    ],
    [
      2,
      983,
      0,
      9,
      0,
      0,
      4,
      0,
      2,
      0
    ],
    [
      16,
      0,
      910,
      10,
      20,
      0,
      43,
      0,
      1,
      0
    ],
    [
      20,
      3,
      8,
      941,
      5,
      0,
      23,
      0,
      0,
      0
    ],
    [
      1,
      0,
      82,
      40,
      782,
      0,
      95,
      0,
      0,
      0
    ],
    [
      1,
      0,
      0,
      0,
      0,
      979,
      0,
      15,
      0,
      5
    ],
    [
      116,
      0,
      68,
      23,
      26,
      0,
      761,
      0,
      6,
      0
    ],
    [
      0,
      0,
      0,
      0,
      0,
      3,
      0,
      957,
      0,
      40
    ],
    [
      3,
      1,
      0,
      5,
      0,
      1,
      5,
      3,
      982,
      0
    ],
    [
      0,
      0,
      0,
      0,
      0,
      2,
      1,
      20,
      0,
      977
    ]
  ]
}