{
  "name": "ffnn_compact",
  "architecture": "feedforward",
  "config": {
    "name": "ffnn_compact",
    "architecture": "feedforward",
    "hidden_dims": [
      256,
      64
    ],
    "dropout": 0.2,
    "lr": 0.0008,
    "weight_decay": 1e-05,
    "epochs": 6
  },
  "best_epoch": 5,
  "val_accuracy": 0.8732,
  "test_accuracy": 0.8705,
  "metrics": {
    "accuracy": 0.8705,
    "precision": 0.8725241083322579,
    "recall": 0.8705,
    "f1": 0.8704944571572193
  },
  "per_class": {
    "T-Shirt": {
      "precision": 0.7768744354110207,
      "recall": 0.86,
      "f1": 0.8163265306122449,
      "support": 1000
    },
    "Trouser": {
      "precision": 0.9886831275720165,
      "recall": 0.961,
      "f1": 0.9746450304259635,
      "support": 1000
    },
    "Pullover": {
      "precision": 0.8174603174603174,
      "recall": 0.721,
      "f1": 0.7662061636556854,
      "support": 1000
    },
    "Dress": {
      "precision": 0.9093816631130064,
      "recall": 0.853,
      "f1": 0.8802889576883385,
      "support": 1000
    },
    "Coat": {
      "precision": 0.7373029772329247,
      "recall": 0.842,
      "f1": 0.7861811391223156,
      "support": 1000
    },
    "Sandal": {
      "precision": 0.9674465920651069,
      "recall": 0.951,
      "f1": 0.9591527987897126,
      "support": 1000
    },
    "Shirt": {
      "precision": 0.6757322175732218,
      "recall": 0.646,
      "f1": 0.6605316973415133,
      "support": 1000
    },
    "Sneaker": {
      "precision": 0.9272369714847591,
      "recall": 0.943,
      "f1": 0.9350520575111552,
      "support": 1000
    },
    "Bag": {
      "precision": 0.973026973026973,
      "recall": 0.974,
      "f1": 0.9735132433783108,
      "support": 1000
    },
    "Ankle Boot": {
      "precision": 0.9520958083832335,
      "recall": 0.954,
      "f1": 0.9530469530469531,
      "support": 1000
    }
  },
  "confusion_matrix": [
    [
      860,
      1,
      8,
      13,
      2,
      0,
      107,
      0,
      9,
      0
    ],
    [
      8,
      961,
      0,
      23,
      4,
      0,
      3,
      0,
      1,
      0
    ],
    [
      17,
      1,
      721,
      6,
      168,
      0,
      85,
      0,
      2,
      0
    ],
    [
      50,
      7,
      11,
      853,
      39,
      0,
      37,
      0,
      3,
      0
    ],
    [
      0,
      1,
      62,
      21,
      842,
      0,
      72,
      0,
      2,
      0
    ],
    [
      0,
      0,
      0,
      1,
      0,
      951,
      0,
      30,
      1,
      17
    ],
    [
      166,
      1,
      79,
      17,
      82,
      0,
      646,
      0,
      9,
      0
    ],
    [
      0,
      0,
      0,
      0,
      0,
      26,
      0,
      943,
      0,
      31
    ],
    [
      6,
      0,
      1,
      4,
      5,
      2,
      5,
      3,
      974,
      0
    ],
    [
      0,
      0,
      0,
      0,
      0,
      4,
      1,
      41,
      0,
      954
    ]
  ]
}