{
  "name": "ffnn_dropout_sweep",
  "architecture": "feedforward",
  "config": {
    "name": "ffnn_dropout_sweep",
    "architecture": "feedforward",
    "hidden_dims": [
      512,
      256,
      64
    ],
    "dropout": 0.5,
    "lr": 0.001,
    "weight_decay": 0.0003,
    "epochs": 8
  },
  "best_epoch": 8,
  "val_accuracy": 0.8676,
  "test_accuracy": 0.8642,
  "metrics": {
    "accuracy": 0.8642,
    "precision": 0.8635442772074932,
    "recall": 0.8642,
    "f1": 0.8624956660414469
  },
  "per_class": {
    "T-Shirt": {
      "precision": 0.7888675623800384,
      "recall": 0.822,
      "f1": 0.8050930460333007,
      "support": 1000
    },
    "Trouser": {
      "precision": 0.9917440660474717,
      "recall": 0.961,
      "f1": 0.9761300152361605,
      "support": 1000
    },
    "Pullover": {
      "precision": 0.770508826583593,
      "recall": 0.742,
      "f1": 0.7559857361181864,
      "support": 1000
    },
    "Dress": {
      "precision": 0.8400374181478016,
      "recall": 0.898,
      "f1": 0.8680521991300145,
      "support": 1000
    },
    "Coat": {
      "precision": 0.7286956521739131,
      "recall": 0.838,
      "f1": 0.7795348837209303,
      "support": 1000
    },
    "Sandal": {
      "precision": 0.9752832131822863,
      "recall": 0.947,
      "f1": 0.960933536276002,
      "support": 1000
    },
    "Shirt": {
      "precision": 0.6991260923845194,
      "recall": 0.56,
      "f1": 0.6218767351471405,
      "support": 1000
    },
    "Sneaker": {
      "precision": 0.93993993993994,
      "recall": 0.939,
      "f1": 0.9394697348674337,
      "support": 1000
    },
    "Bag": {
      "precision": 0.9671314741035857,
      "recall": 0.971,
      "f1": 0.969061876247505,
      "support": 1000
    },
    "Ankle Boot": {
      "precision": 0.9341085271317829,
      "recall": 0.964,
      "f1": 0.9488188976377953,
      "support": 1000
    }
  },
  "confusion_matrix": [
    [
      822,
      1,
      19,
      64,
      5,
      0,
      81,
      0,
      8,
      0
    ],
    [
      1,
      961,
      5,
      25,
      4,
      0,
      2,
      0,
      2,
      0
    ],
    [
      9,
      0,
      742,
      10,
      165,
      0,
      72,
      0,
      2,
      0
    ],
    [
      22,
      5,
      11,
      898,
      40,
      0,
      21,
      0,
      3,
      0
    ],
    [
      0,
      1,
      84,
      25,
      838,
      0,
      50,
      0,
      2,
      0
    ],
    [
      0,
      0,
      0,
      0,
      0,
      947,
      0,
      26,
      2,
      25
    ],
    [
      187,
      1,
      102,
      43,
      93,
      0,
      560,
      0,
      14,
      0
    ],
    [
      0,
      0,
      0,
      0,
      0,
      18,
      0,
      939,
      0,
      43
    ],
    [
      1,
      0,
      0,
      4,
      5,
      2,
      14,
      3,
      971,
      0
    ],
    [
      0,
      0,
      0,
      0,
      0,
      4,
      1,
      31,
      0,
      964
    ]
  ]
}