{
  "name": "ffnn_baseline",
  "architecture": "feedforward",
  "config": {
    "name": "ffnn_baseline",
    "architecture": "feedforward",
    "hidden_dims": [
      256,
      128
    ],
    "dropout": 0.3,
    "lr": 0.001,
    "weight_decay": 0.0001,
    "epochs": 6
  },
  "best_epoch": 6,
  "val_accuracy": 0.877,
  "test_accuracy": 0.8746,
  "metrics": {
    "accuracy": 0.8746,
    "precision": 0.8747311439603207,
    "recall": 0.8746,
    "f1": 0.8736915452153534
  },
  "per_class": {
    "T-Shirt": {
      "precision": 0.8482328482328483,
      "recall": 0.816,
      "f1": 0.8318042813455657,
      "support": 1000
    },
    "Trouser": {
      "precision": 0.9897750511247444,
      "recall": 0.968,
      "f1": 0.9787664307381193,
      "support": 1000
    },
    "Pullover": {
      "precision": 0.7430617726051925,
      "recall": 0.83,
      "f1": 0.7841284837033538,
      "support": 1000
    },
    "Dress": {
      "precision": 0.8599033816425121,
      "recall": 0.89,
      "f1": 0.8746928746928747,
      "support": 1000
    },
    "Coat": {
      "precision": 0.7563025210084033,
      "recall": 0.81,
      "f1": 0.7822308063737325,
      "support": 1000
    },
    "Sandal": {
      "precision": 0.9502923976608187,
      "recall": 0.975,
      "f1": 0.9624876604146101,
      "support": 1000
    },
    "Shirt": {
      "precision": 0.7266187050359713,
      "recall": 0.606,
      "f1": 0.6608505997818975,
      "support": 1000
    },
    "Sneaker": {
      "precision": 0.942,
      "recall": 0.942,
      "f1": 0.942,
      "support": 1000
    },
    "Bag": {
      "precision": 0.969939879759519,
      "recall": 0.968,
      "f1": 0.968968968968969,
      "support": 1000
    },
    "Ankle Boot": {
      "precision": 0.9611848825331971,
      "recall": 0.941,
      "f1": 0.9509853461344113,
      "support": 1000
    }
  },
  "confusion_matrix": [
    [
      816,
      2,
      11,
      40,
      2,
      1,
      121,
      0,
      7,
      0
    ],
    [
      1,
      968,
      3,
      20,
      3,
      0,
      3,
      0,
      2,
      0
    ],
    [
      14,
      0,
      830,
      12,
      108,
      0,
      33,
      0,
      3,
      0
    ],
    [
      16,
      7,
      9,
      890,
      45,
      0,
      31,
      0,
      2,
      0
    ],
    [
      0,
      1,
      130,
      27,
      810,
      0,
      31,
      0,
      1,
      0
    ],
    [
      0,
      0,
      0,
      0,
      0,
      975,
      0,
      19,
      1,
      5
    ],
    [
      113,
      0,
      130,
      39,
      98,
      0,
      606,
      0,
      14,
      0
    ],
    [
      0,
      0,
      0,
      0,
      0,
      25,
      0,
      942,
      0,
      33
    ],
    [
      2,
      0,
      4,
      7,
      5,
      2,
      8,
      4,
      968,
      0
    ],
    [
      0,
      0,
      0,
      0,
      0,
      23,
      1,
      35,
      0,
      941
    ]
  ]
}