{
  "name": "ffnn_lr_decay",
  "architecture": "feedforward",
  "config": {
    "name": "ffnn_lr_decay",
    "architecture": "feedforward",
    "hidden_dims": [
      512,
      256,
      128
    ],
    "dropout": 0.4,
    "lr": 0.0015,
    "weight_decay": 0.0005,
    "epochs": 8
  },
  "best_epoch": 7,
  "val_accuracy": 0.8696,
  "test_accuracy": 0.8685,
  "metrics": {
    "accuracy": 0.8685,
    "precision": 0.8684366186662651,
    "recall": 0.8684999999999998,
    "f1": 0.86781478205794
  },
  "per_class": {
    "T-Shirt": {
      "precision": 0.7797998180163785,
      "recall": 0.857,
      "f1": 0.8165793234873749,
      "support": 1000
    },
    "Trouser": {
      "precision": 0.9907312049433573,
      "recall": 0.962,
      "f1": 0.976154236428209,
      "support": 1000
    },
    "Pullover": {
      "precision": 0.7398523985239852,
      "recall": 0.802,
      "f1": 0.7696737044145874,
      "support": 1000
    },
    "Dress": {
      "precision": 0.8767258382642998,
      "recall": 0.889,
      "f1": 0.8828202581926514,
      "support": 1000
    },
    "Coat": {
      "precision": 0.7766287487073423,
      "recall": 0.751,
      "f1": 0.7635993899339095,
      "support": 1000
    },
    "Sandal": {
      "precision": 0.9726720647773279,
      "recall": 0.961,
      "f1": 0.9668008048289738,
      "support": 1000
    },
    "Shirt": {
      "precision": 0.6715909090909091,
      "recall": 0.591,
      "f1": 0.6287234042553191,
      "support": 1000
    },
    "Sneaker": {
      "precision": 0.9292635658914729,
      "recall": 0.959,
      "f1": 0.9438976377952756,
      "support": 1000
    },
    "Bag": {
      "precision": 0.9826707441386341,
      "recall": 0.964,
      "f1": 0.9732458354366481,
      "support": 1000
    },
    "Ankle Boot": {
      "precision": 0.9644308943089431,
      "recall": 0.949,
      "f1": 0.9566532258064516,
      "support": 1000
    }
  },
  "confusion_matrix": [
    [
      857,
      1,
      16,
      25,
      3,
      1,
      91,
      0,
      6,
      0
    ],
    [
      6,
      962,
      2,
      23,
      3,
      0,
      3,
      0,
      1,
      0
    ],
    [
      13,
      0,
      802,
      9,
      101,
      0,
      75,
      0,
      0,
      0
    ],
    [
      34,
      6,
      7,
      889,
      36,
      0,
      26,
      0,
      2,
      0
    ],
    [
      0,
      1,
      139,
      33,
      751,
      0,
      76,
      0,
      0,
      0
    ],
    [
      0,
      0,
      0,
      1,
      0,
      961,
      0,
      23,
      1,
      14
    ],
    [
      189,
      1,
      113,
      30,
      69,
      0,
      591,
      0,
      7,
      0
    ],
    [
      0,
      0,
      0,
      0,
      0,
      20,
      0,
      959,
      0,
      21
    ],
    [
      0,
      0,
      5,
      4,
      4,
      2,
      17,
      4,
      964,
      0
    ],
    [
      0,
      0,
      0,
      0,
      0,
      4,
      1,
      46,
      0,
      949
    ]
  ]
}